-1;Chief;Kimberly;Brown;81659300580
0;Executor;Isaac;Rose;83327317391
0;Executor;Becky;Callahan;83657671261
0;Executor;Nathan;Ellis;80803252463
-1;Chief;Steven;Mcgee;86270922846
4;Executor;Jacqueline;Meyer;82096311501
4;Executor;Samuel;Robles;86456183052
4;Executor;Michael;Nelson;88369026446
-1;Chief;Charles;Schneider;86434971593
8;Executor;Michael;Jones;87926687922
8;Executor;Jennifer;Owens;88203184840
8;Executor;Bryan;Miller;82714673994
-1;Chief;Brent;Mccarthy;85889729419
12;Executor;Sandra;Torres;84135292489
12;Executor;Matthew;Miller;85937528971
12;Executor;Amy;Allison;84822037840
-1;Chief;Shannon;Miranda;86039853493
16;Executor;Dana;Dunlap;89624677096
16;Executor;Christopher;Anderson;88015641562
16;Executor;Jay;Green;85299254728
-1;Chief;Pamela;Perez;81410028180
20;Executor;Angela;Wagner;89204044778
20;Executor;Johnny;Fields;84864323307
20;Executor;Sabrina;Salazar;82311488656
-1;Chief;Michael;Hatfield;82531344425
24;Executor;Doris;Washington;87018474809
24;Executor;Jill;Freeman;88409493572
24;Executor;Erin;Mahoney;87003567211
-1;Chief;Donna;Humphrey;89703682790
28;Executor;Kenneth;Mccoy;84790114438
28;Executor;Philip;Hamilton;85622647830
28;Executor;Logan;Watson;89322763005
-1;Chief;Jacob;Patel;86407354683
32;Executor;Natalie;James;88159842097
32;Executor;John;Bird;80144406562
32;Executor;Dwayne;Elliott;88669369437
-1;Chief;Mary;Kaiser;81111508743
36;Executor;Shawn;Curry;80557693831
36;Executor;Michele;Gonzalez;89834339405
36;Executor;Michelle;Malone;87625514969
-1;Chief;Dawn;Bowman;86042670842
40;Executor;Tyrone;Morrison;82937571559
40;Executor;Joseph;Jensen;83868668326
40;Executor;Christopher;Gross;86590400144
-1;Chief;Paul;Mckay;80091323064
44;Executor;Steve;May;80818270706
44;Executor;April;Barron;84087589766
44;Executor;Joshua;Smith;83649001393
-1;Chief;Lauren;Patterson;87012128787
48;Executor;Robert;Moss;83852744020
48;Executor;Mary;Williams;86676354208
48;Executor;Robert;Olson;82766582689
-1;Chief;Kim;Terry;82021845342
52;Executor;Anita;Foster;83562345572
52;Executor;Daniel;Butler;81170248320
52;Executor;George;Johnson;85033710881
-1;Chief;Amy;Hall;81888436284
56;Executor;Sheri;Gallagher;81769809113
56;Executor;Hannah;Ritter;80312878563
56;Executor;Amy;Martinez;84832784476
-1;Chief;Paul;Hooper;84320113392
60;Executor;Chelsea;Fields;82390089913
60;Executor;Philip;Stevens;81556183313
60;Executor;Douglas;Williams;82029828724
-1;Chief;Danielle;Franklin;83988434606
64;Executor;Trevor;Martinez;83152161004
64;Executor;Jonathan;Cooper;83227308233
64;Executor;Michael;Coleman;89050393184
-1;Chief;Jason;Ayala;80391844826
68;Executor;Debra;Chase;88022895618
68;Executor;Donna;Cummings;84165676569
68;Executor;Lisa;Thomas;85404558480
-1;Chief;Jeffrey;Kidd;80328551034
72;Executor;Mary;Schaefer;85501131240
72;Executor;Mark;King;81873079147
72;Executor;Cassandra;Wise;83272060690
-1;Chief;Carla;Cross;82310898244
76;Executor;Christopher;Brady;87198104792
76;Executor;Steven;Rogers;81842694398
76;Executor;Gina;Mills;89612007963
-1;Chief;Patricia;Shaw;81497639954
80;Executor;Lauren;Hawkins;86833221396
80;Executor;Keith;Dunlap;80716408439
80;Executor;Marie;Espinoza;89191612530
-1;Chief;Brenda;Shaffer;87884469834
84;Executor;Rachel;Garcia;83851746520
84;Executor;Jonathan;Myers;80487047192
84;Executor;Bruce;Lyons;83903626980
-1;Chief;Jennifer;Lane;82252933418
88;Executor;Sara;Martin;86617067174
88;Executor;Monica;Austin;80670027815
88;Executor;Debra;Baker;80279689584
-1;Chief;Shaun;Jordan;89096249880
92;Executor;Bradley;Williams;81152149926
92;Executor;Kelsey;Cain;84333508288
92;Executor;Gregory;Hernandez;81364855740
-1;Chief;Lacey;Reed;83621482004
96;Executor;Lisa;Greene;86565878941
96;Executor;Nancy;Rivera;82315692666
96;Executor;Anthony;Cisneros;89787382863
-1;Chief;Barry;Miller;86767431510
100;Executor;Elizabeth;Harper;86329657413
100;Executor;Crystal;Novak;87037589715
100;Executor;Kaitlyn;Wells;86011004854
-1;Chief;Joseph;Yang;85316344841
104;Executor;Julie;Blair;82675636041
104;Executor;Chad;Baker;89958029625
104;Executor;James;Clark;87350034032
-1;Chief;Courtney;Riley;82048945248
108;Executor;Patrick;Thomas;88258916767
108;Executor;Katie;Payne;89454777968
108;Executor;John;Martin;80999737220
-1;Chief;Rebecca;Evans;81050820630
112;Executor;Samuel;Weber;80247685565
112;Executor;William;Kramer;84750446309
112;Executor;Sara;Smith;85565331420
-1;Chief;Brian;Rodriguez;84315592832
116;Executor;Karen;Campbell;84895256849
116;Executor;Scott;Taylor;86809424658
116;Executor;Angel;Nguyen;82655052463
-1;Chief;Haley;Porter;89821670256
120;Executor;Ronnie;Shannon;85769837312
120;Executor;Sally;Smith;81811046868
120;Executor;William;Smith;81997908620
-1;Chief;Michael;Bell;83499154864
124;Executor;Gary;Weeks;84414524828
124;Executor;Ashley;Silva;82543256400
124;Executor;Billy;Williams;83438778904
-1;Chief;Kimberly;Sweeney;89334884673
128;Executor;Kathleen;Murray;89780261700
128;Executor;Heather;Bowman;84134188146
128;Executor;Theresa;Alvarez;85652773617
-1;Chief;William;Cox;84178123918
132;Executor;Shannon;Gregory;84636398443
132;Executor;Christopher;Miller;80329713304
132;Executor;Brian;Ramos;80342188633
-1;Chief;Rebekah;Richardson;80811354015
136;Executor;Valerie;Richards;89596051274
136;Executor;Julie;Griffin;80664711721
136;Executor;Deborah;Carter;84210770161
-1;Chief;Sherry;Ayala;86133348308
140;Executor;Miranda;Anderson;89810906289
140;Executor;Kevin;Black;86461240008
140;Executor;Lisa;Coleman;84724711681
-1;Chief;Sarah;Riley;85998008319
144;Executor;Ronald;Kemp;89728779808
144;Executor;Peter;Hill;81254546361
144;Executor;Michael;Shaw;88114200234
-1;Chief;Richard;Moss;84953656366
148;Executor;Charles;Lowe;82568243341
148;Executor;Erica;Hubbard;85826782747
148;Executor;Christopher;Patel;85427735273
-1;Chief;Alexander;Neal;85718773062
152;Executor;Vincent;Blackwell;85251634978
152;Executor;Amy;Cole;84553497056
152;Executor;Robert;Taylor;81697493080
-1;Chief;Holly;Bryant;80576058863
156;Executor;Rick;Allen;89760307328
156;Executor;Anna;Dean;86854809051
156;Executor;Stacey;Turner;81315374288
-1;Chief;William;Kelley;80449640485
160;Executor;Richard;Villa;80097796175
160;Executor;William;Hall;83260594838
160;Executor;Elizabeth;Green;85502782531
-1;Chief;Brittany;Smith;85286424300
164;Executor;Brittany;Melton;87846322323
164;Executor;Brandy;Fernandez;87141402932
164;Executor;Jonathan;Foster;82358609010
-1;Chief;Jennifer;Fisher;84380618856
168;Executor;Ethan;Ryan;81787957295
168;Executor;Sheila;Garcia;84429528013
168;Executor;Emily;Melton;85179791687
-1;Chief;Wesley;Ramos;87688774677
172;Executor;James;Gomez;85848052403
172;Executor;Crystal;Peterson;81946777445
172;Executor;Victoria;Chase;85526783637
-1;Chief;Bruce;Quinn;87490464822
176;Executor;Daniel;Mills;82365447691
176;Executor;Jeffrey;Martinez;88743598049
176;Executor;Matthew;Ho;89461759455
-1;Chief;Stephanie;Marshall;87469142478
180;Executor;Deanna;Collins;89925114961
180;Executor;Mary;Allison;84453777661
180;Executor;Vincent;Chapman;82764814269
-1;Chief;Michael;Anderson;82448181665
184;Executor;Melissa;Dixon;87626379480
184;Executor;Jessica;Solomon;84242073520
184;Executor;Erika;Wilson;82636706546
-1;Chief;Michael;Bailey;88987761970
188;Executor;Jessica;Brock;83327684011
188;Executor;Philip;Stewart;80036371356
188;Executor;Tanya;Schmidt;85630795295
-1;Chief;Ryan;Atkinson;82332437318
192;Executor;Kevin;Ortiz;84167242107
192;Executor;Jessica;Nichols;80702804298
192;Executor;Rachel;Gallegos;88969182902
-1;Chief;Angela;Burke;81023764146
196;Executor;William;Cisneros;81193172976
196;Executor;Yolanda;Phillips;89671536525
196;Executor;Lauren;Moore;88623932924
-1;Chief;Jay;Santos;80993506262
200;Executor;Susan;Davis;89329002879
200;Executor;Derrick;Carey;87847568945
200;Executor;Christina;Douglas;87692412629
-1;Chief;Kristen;Munoz;81924751793
204;Executor;Tiffany;Roach;81314130880
204;Executor;Dana;Wagner;83055469599
204;Executor;Crystal;Clark;87155999849
-1;Chief;Justin;Hoover;81515491645
208;Executor;Joshua;Bird;88729331589
208;Executor;Richard;Mcdaniel;86900766842
208;Executor;Dennis;Leach;85434109678
-1;Chief;Madison;Ellis;87871034140
212;Executor;Allison;Hampton;84681388878
212;Executor;Bryce;Garza;80548098183
212;Executor;Courtney;Henson;85405729524
-1;Chief;Rachel;Durham;84574918085
216;Executor;Rebecca;Bryant;84193674507
216;Executor;Brandi;Russell;85824052163
216;Executor;Keith;Hancock;84811512874
-1;Chief;Travis;West;86119134832
220;Executor;Daniel;Cruz;84622194431
220;Executor;William;Campbell;87562966794
220;Executor;Maria;Harris;89537189432
-1;Chief;Cynthia;Jackson;80743427437
224;Executor;Jennifer;Richardson;88949506474
224;Executor;Robert;Walker;84944060188
224;Executor;Andrew;Lynch;88905584840
-1;Chief;Samuel;Atkinson;84918899697
228;Executor;Kenneth;Washington;88826558765
228;Executor;Brian;Perkins;83958140226
228;Executor;Justin;Nichols;86357282428
-1;Chief;Austin;Contreras;80606659787
232;Executor;Robert;Lee;86741860469
232;Executor;Sheila;Brown;84530441456
232;Executor;Alejandro;Hanson;88227323176
-1;Chief;Nathan;Mcmillan;83813890950
236;Executor;Francisco;Martin;88011023931
236;Executor;Kristopher;Barnes;82772521490
236;Executor;Ashley;Romero;83640356392
-1;Chief;Kelsey;Smith;88962662532
240;Executor;Paula;Khan;83818461058
240;Executor;Beth;Diaz;83921367587
240;Executor;Hannah;Lane;84907351780
-1;Chief;Amanda;Castillo;80116594124
244;Executor;Richard;Floyd;86163930227
244;Executor;Matthew;Olson;87827950867
244;Executor;Victor;Padilla;84945211488
-1;Chief;Robert;Larson;81264119735
248;Executor;Stephen;Ball;82973601026
248;Executor;Ashley;Graham;85784169952
248;Executor;Jesus;Christensen;88440229775
-1;Chief;Teresa;Davenport;85129617098
252;Executor;Kimberly;Guerra;88305752467
252;Executor;John;Moore;87731931022
252;Executor;Amanda;Burgess;82431253694
-1;Chief;John;Rocha;81786985185
256;Executor;Brenda;Johnson;88793029749
256;Executor;Kayla;Lynn;81712621107
256;Executor;Teresa;Lynch;81773819588
-1;Chief;Tami;Moody;84383539347
260;Executor;James;Moore;83082334613
260;Executor;Amy;Moore;89565314278
260;Executor;Traci;Chapman;88752284200
-1;Chief;Brian;Valentine;82597651540
264;Executor;Brian;Medina;83265407260
264;Executor;Elijah;Decker;89384458180
264;Executor;Samantha;Harris;81593140199
-1;Chief;Patricia;Nash;82130634632
268;Executor;David;Morales;88279799151
268;Executor;Amy;Thornton;89764520789
268;Executor;Edward;Pollard;88996879382
-1;Chief;Andrea;Howell;82121319741
272;Executor;Jeffrey;Moore;81237336546
272;Executor;James;Gonzales;83736883150
272;Executor;Nicholas;Smith;89445332345
-1;Chief;Thomas;Conrad;83629249828
276;Executor;Charles;Freeman;81449330959
276;Executor;Thomas;Cooper;87068656557
276;Executor;Ellen;Martinez;89520854184
-1;Chief;Michelle;Morgan;81340011897
280;Executor;Ashley;Marshall;86378345302
280;Executor;Julian;Schmidt;81824535230
280;Executor;Colleen;Acosta;87643152723
-1;Chief;Ricky;Gonzalez;87823825731
284;Executor;Larry;Warren;87793248248
284;Executor;Matthew;Bautista;86814158127
284;Executor;Jamie;Ayers;83198482259
-1;Chief;Nicole;Adams;82514125079
288;Executor;Shawn;Fisher;85030890146
288;Executor;Bruce;Bennett;84009501774
288;Executor;Eric;Holden;88768252456
-1;Chief;Dominique;Walton;88913070740
292;Executor;Gabrielle;Stuart;87448965617
292;Executor;Sandra;Smith;82528143903
292;Executor;Michael;Koch;81563236113
-1;Chief;Stephanie;Price;80906781344
296;Executor;Gary;Thompson;86792631235
296;Executor;Joshua;Morrison;83082192215
296;Executor;Glen;Douglas;85524489982
-1;Chief;Dustin;Harding;82561171565
300;Executor;Jodi;Garcia;82565055481
300;Executor;Susan;Rivera;86410098676
300;Executor;David;Howe;87082330096
-1;Chief;Carol;Brooks;89922374313
304;Executor;Michael;Becker;81570685096
304;Executor;Sharon;Allen;85172859351
304;Executor;Shirley;Myers;80201019857
-1;Chief;Abigail;Griffin;83154387708
308;Executor;Wendy;Jenkins;86701087056
308;Executor;Kyle;Mcmahon;83721687170
308;Executor;Rebekah;Nguyen;85763062289
-1;Chief;David;Barker;85586598895
312;Executor;Kimberly;Gonzalez;84735375447
312;Executor;Todd;Nicholson;80851184942
312;Executor;Emily;Carroll;86420202061
-1;Chief;Destiny;Adams;85491037032
316;Executor;Curtis;Donovan;81797785805
316;Executor;Brandi;Wilson;85919850358
316;Executor;Cameron;Jackson;89720082814
-1;Chief;Pamela;Petty;85588643362
320;Executor;Betty;Williams;89045551344
320;Executor;Blake;Mercado;87031315444
320;Executor;James;Ellis;86958542286
-1;Chief;Mary;Boyd;84605220331
324;Executor;Cheryl;Mcclain;89927693233
324;Executor;Anna;Watts;82448584739
324;Executor;Dawn;Ayala;82477841413
-1;Chief;Diana;Hanna;85229203538
328;Executor;Nicholas;Mckinney;89806177447
328;Executor;Tina;Hall;89263012453
328;Executor;Nicholas;Brown;81981436500
-1;Chief;Belinda;Wallace;86465900340
332;Executor;Robert;Kane;83766732972
332;Executor;Melissa;Becker;80666083866
332;Executor;Alexander;Warner;81995172108
-1;Chief;Hailey;Ford;80317603303
336;Executor;Megan;Parks;84832247647
336;Executor;Blake;Davidson;80617640328
336;Executor;Brandon;Coleman;86499241050
-1;Chief;Debra;Nixon;84534392589
340;Executor;Tina;Richards;80425371862
340;Executor;Cory;Rose;81230778870
340;Executor;Dillon;Baker;89291443266
-1;Chief;Susan;Avila;81855744164
344;Executor;Carl;Ayers;83771036410
344;Executor;James;Walters;80022408642
344;Executor;Kathryn;Hall;87236475934
-1;Chief;John;Sullivan;89004245214
348;Executor;Yvonne;Contreras;86721691584
348;Executor;Abigail;Chandler;82916113579
348;Executor;Benjamin;Brown;80375149562
-1;Chief;Bethany;Maddox;83931647194
352;Executor;Nicole;Anderson;82927550272
352;Executor;Carlos;Bowman;87431240538
352;Executor;Erica;Davis;82089676109
-1;Chief;Amanda;Blair;81480798806
356;Executor;Donald;Johnson;88933451317
356;Executor;Frances;Lyons;81174942979
356;Executor;Emily;Harrington;86774419995
-1;Chief;William;Parker;84907045417
360;Executor;Benjamin;Stephens;83308030797
360;Executor;Michael;Foley;85454011719
360;Executor;Robert;Brown;87824312119
-1;Chief;April;Coffey;81290833200
364;Executor;Shane;Jones;83020314834
364;Executor;Tamara;Wu;80366092152
364;Executor;Christopher;Brown;83342989799
-1;Chief;Christopher;Rasmussen;86450523866
368;Executor;Cynthia;Jordan;89680536906
368;Executor;Tristan;Aguilar;80304765725
368;Executor;Gary;Hicks;81875839506
-1;Chief;Christopher;Patterson;88960897481
372;Executor;Arthur;Jackson;83527230080
372;Executor;Barbara;Spencer;83633246524
372;Executor;Phillip;Brown;88204776280
-1;Chief;Julia;Flynn;84670999431
376;Executor;Kimberly;Richardson;80381293937
376;Executor;Mary;Singh;82248226596
376;Executor;Michael;Perry;84241216209
-1;Chief;Chase;Stevenson;83523032094
380;Executor;Ernest;Adams;82447587718
380;Executor;Patricia;Munoz;80509360614
380;Executor;Jill;Silva;87278194086
-1;Chief;Donna;Downs;87333841200
384;Executor;Justin;Smith;84635615042
384;Executor;Richard;Rush;87584266732
384;Executor;Anne;Evans;88718116794
-1;Chief;Pamela;Howe;87397925934
388;Executor;Amber;Larson;88749071130
388;Executor;Lauren;Cobb;83709429850
388;Executor;Jenna;Gonzalez;82447939620
-1;Chief;Natalie;Green;83367187190
392;Executor;Keith;Chandler;86145719005
392;Executor;Lindsey;Yoder;80778415808
392;Executor;Judy;Davis;81068198303
-1;Chief;Madison;Rhodes;80738000483
396;Executor;Mark;Weaver;88712605083
396;Executor;Susan;Jarvis;82891022257
396;Executor;Steven;Henry;81222703680
-1;Chief;Edward;Oliver;83536964507
400;Executor;David;Mcclure;84553011273
400;Executor;Cody;Smith;80662486404
400;Executor;Tammy;Davis;84767033309
-1;Chief;Benjamin;Hogan;84092587219
404;Executor;Juan;Wright;86469919338
404;Executor;Charles;Montgomery;80515762063
404;Executor;Cheryl;Armstrong;81894826572
-1;Chief;Heather;Lane;83389998427
408;Executor;Jeffrey;Harris;87839898405
408;Executor;Theresa;Juarez;82008588040
408;Executor;Jeffrey;Solomon;86918581159
-1;Chief;Caitlin;Gregory;86843113451
412;Executor;Karen;Grant;84485528630
412;Executor;Linda;Crawford;88034809601
412;Executor;Kristin;Baker;85903471159
-1;Chief;Marc;Bell;81963316940
416;Executor;Heather;Wu;81475456235
416;Executor;Daniel;Higgins;81855976248
416;Executor;James;Hunt;83271881922
-1;Chief;Leah;Mata;80166701435
420;Executor;Shannon;Davis;88513510708
420;Executor;Joseph;Beasley;89138924898
420;Executor;Anthony;Boyd;84940970852
-1;Chief;Corey;Fischer;87185996163
424;Executor;Amber;Howard;88535090337
424;Executor;Jay;Campbell;85650321091
424;Executor;Tara;Moore;86992528521
-1;Chief;Gregory;Brown;84347541853
428;Executor;Rebecca;Joseph;84994393032
428;Executor;Richard;Burnett;80712049242
428;Executor;Samantha;Hart;86252646120
-1;Chief;Eddie;White;80929056750
432;Executor;Pamela;Frost;85366833555
432;Executor;Steven;Jackson;86105084722
432;Executor;Heather;Jones;81857597951
-1;Chief;Vincent;Small;84950363505
436;Executor;Erik;Sharp;86508401413
436;Executor;Michael;Lee;81034415535
436;Executor;Joseph;Chambers;88853423300
-1;Chief;Dawn;Martin;83234669656
440;Executor;Kristin;Andrews;80409372677
440;Executor;David;Powell;85730476662
440;Executor;Haley;Hurst;86508646372
-1;Chief;Aaron;Mckenzie;84121230300
444;Executor;Brandy;Oneal;89084847284
444;Executor;Donald;Strickland;87738350152
444;Executor;Kelly;Thompson;80806367710
-1;Chief;Ann;Stewart;83697685657
448;Executor;Bradley;Ruiz;84504803763
448;Executor;Patricia;Miller;87488083950
448;Executor;Matthew;Mueller;83800001272
-1;Chief;Lisa;Hebert;88494483445
452;Executor;Rodney;Riddle;83246856508
452;Executor;Arthur;West;82377124986
452;Executor;Tonya;Jones;89638318133
-1;Chief;Ernest;Grant;80380061040
456;Executor;Desiree;Moore;80752949648
456;Executor;Brittany;Long;84847814202
456;Executor;Crystal;Washington;89282664886
-1;Chief;Daniel;Rodriguez;80333375175
460;Executor;David;Graham;80913904897
460;Executor;Nathan;Cox;80657127482
460;Executor;Ebony;Castro;85611816138
-1;Chief;Sean;Carlson;87203913423
464;Executor;Christina;James;81879225185
464;Executor;Michael;Anderson;82296868623
464;Executor;Rodney;Wong;84033547151
-1;Chief;Diana;Wolfe;89679189059
468;Executor;Curtis;Hebert;89327819840
468;Executor;Larry;Jones;83326256480
468;Executor;Brittany;Smith;85580707853
-1;Chief;Andrew;West;82900463294
472;Executor;Sara;Yates;89750645347
472;Executor;Ryan;Jones;82143805873
472;Executor;Louis;Santiago;87154258815
-1;Chief;Kimberly;Castro;87451943618
476;Executor;Joseph;Hayes;84752941080
476;Executor;Carmen;Brady;89065281429
476;Executor;Erin;Wright;81565674163
-1;Chief;Kelli;Gould;86536119501
480;Executor;Wayne;Johnson;89519661459
480;Executor;Rebecca;Kelly;88040913349
480;Executor;James;Fisher;89589017394
-1;Chief;Allison;Reed;81427723095
484;Executor;Richard;Brown;82605662189
484;Executor;Sonya;Bridges;89454471422
484;Executor;Kimberly;Aguilar;86446042178
-1;Chief;Andrea;Ferguson;81885468125
488;Executor;Jerry;Jones;82695129681
488;Executor;Keith;Adams;88884125019
488;Executor;Austin;Byrd;87610388673
-1;Chief;Thomas;Myers;89357635328
492;Executor;Vernon;Cole;88668911448
492;Executor;Michael;Allen;87638891172
492;Executor;Randy;Walker;87014450865
-1;Chief;Samantha;White;82248706566
496;Executor;Nicole;Mueller;87281785297
496;Executor;Thomas;Smith;81080613940
496;Executor;Gary;Harper;89511983647
-1;Chief;Kyle;Abbott;81951731556
500;Executor;Nicole;Waters;85277134064
500;Executor;Diana;Sharp;81845903507
500;Executor;Rhonda;Mckee;83516931679
-1;Chief;Kathy;Davis;82964827257
504;Executor;Maurice;Ross;81060475258
504;Executor;Jerry;Woodard;88043560103
504;Executor;Karen;Ponce;80186313095
-1;Chief;Cheryl;Taylor;86484304344
508;Executor;Tammy;Wallace;85927341442
508;Executor;Gregory;Barnes;85935217478
508;Executor;Todd;Woods;87201822741
-1;Chief;Jesse;Porter;80391619273
512;Executor;Deborah;Guerra;85883329132
512;Executor;Martha;Nguyen;82096679651
512;Executor;John;Brown;80903075615
-1;Chief;Jacqueline;Martinez;83753122757
516;Executor;Lisa;Choi;82784743270
516;Executor;Lori;Stuart;80866652204
516;Executor;Susan;Lee;85322344842
-1;Chief;Peter;Jones;86091777337
520;Executor;Brittany;Haynes;88219830584
520;Executor;Blake;Hernandez;83695427788
520;Executor;Lindsay;Sanders;81461270699
-1;Chief;Nicholas;Wright;87649572371
524;Executor;Mike;Foley;84689115416
524;Executor;Kyle;Shaw;86649859952
524;Executor;Dale;Sullivan;84087518869
-1;Chief;Rachel;Holden;82551012938
528;Executor;Daniel;Edwards;85039234979
528;Executor;Pamela;Hebert;87277817603
528;Executor;Whitney;Pruitt;80597084428
-1;Chief;Tara;Cruz;84848972801
532;Executor;James;Warren;87743443447
532;Executor;Gabrielle;Fletcher;81604472170
532;Executor;Emily;Hubbard;83261032761
-1;Chief;Craig;Snyder;81791527823
536;Executor;Sarah;Blevins;87011939362
536;Executor;Edward;Fletcher;84701539160
536;Executor;Edward;Montes;83677195913
-1;Chief;Brittany;Kramer;85173945651
540;Executor;Christina;Gordon;86007826701
540;Executor;Jessica;Gutierrez;80813051430
540;Executor;Cynthia;Evans;88680044193
-1;Chief;Tammy;Collins;80604262294
544;Executor;Richard;Johnson;81406592758
544;Executor;Alex;Greene;89800320764
544;Executor;Brittany;Ward;86737838294
-1;Chief;Scott;Hale;85358455614
548;Executor;Jacqueline;Todd;82007798662
548;Executor;Mary;Miller;83936117896
548;Executor;Jon;Campbell;89922291414
-1;Chief;Danielle;Williams;85902083594
552;Executor;Zachary;Barnett;82851933604
552;Executor;Ryan;Carney;82023313088
552;Executor;Justin;Carr;86881550177
-1;Chief;Joan;Richards;80117715866
556;Executor;John;Barry;84227034574
556;Executor;Seth;Kennedy;88451504120
556;Executor;Gregory;Dorsey;84093230368
-1;Chief;Jennifer;Diaz;88694134712
560;Executor;Christina;Robinson;88334176535
560;Executor;Craig;Morales;83350221285
560;Executor;Tammy;Crawford;80860275829
-1;Chief;Alicia;Malone;84915367039
564;Executor;Christopher;Ramirez;86631417369
564;Executor;Dillon;Kidd;86546800313
564;Executor;Jacob;Lyons;86943892383
-1;Chief;Virginia;Martin;86731502176
568;Executor;Michael;Adkins;87080425935
568;Executor;Stanley;Wilson;87672763450
568;Executor;Mia;Porter;85056853684
-1;Chief;Katherine;Manning;89382849516
572;Executor;Kenneth;Barber;88435377621
572;Executor;Lindsay;Lane;83052685623
572;Executor;Michelle;Livingston;82948789921
-1;Chief;Rick;Fernandez;83660251554
576;Executor;Sharon;Chavez;82728146718
576;Executor;Cheryl;Lee;86487518117
576;Executor;Gloria;Boyd;89648480436
-1;Chief;Elizabeth;Jackson;87921615559
580;Executor;David;Skinner;81743782209
580;Executor;Lisa;Gutierrez;87559634954
580;Executor;Alexander;Koch;88454634255
-1;Chief;Dustin;Wilkinson;87039583462
584;Executor;Frances;Johnson;84629136581
584;Executor;Francisco;Perez;84437637818
584;Executor;Rachel;Dickson;87339146334
-1;Chief;Susan;Anthony;82412314148
588;Executor;Edward;Clark;89459708799
588;Executor;Robert;Miller;85929313868
588;Executor;Andrew;Soto;85949410611
-1;Chief;Jessica;Vega;87089117868
592;Executor;Destiny;Yates;83148755141
592;Executor;Elizabeth;Dunn;89228756318
592;Executor;Alexandria;Thomas;86461967278
-1;Chief;Stephanie;Cunningham;88767804101
596;Executor;Nicole;Williams;85488556540
596;Executor;Bradley;Thomas;87152609385
596;Executor;Pamela;Holloway;81234970322
-1;Chief;Carolyn;Lloyd;84737586488
600;Executor;Donald;Wilson;89926455159
600;Executor;Denise;Jennings;81587350806
600;Executor;Erica;Roy;80252326187
-1;Chief;Vanessa;Miller;86830427983
604;Executor;Philip;Hamilton;86162591683
604;Executor;Jeffrey;Campbell;88005714300
604;Executor;Kathleen;Gonzalez;80213635361
-1;Chief;Robert;Henry;86053908064
608;Executor;Kendra;Waller;88512688057
608;Executor;Robert;Henry;88918051227
608;Executor;Margaret;Bean;85750621182
-1;Chief;Christine;Lopez;81277500175
612;Executor;William;Taylor;80640271969
612;Executor;Justin;Lewis;88747127858
612;Executor;Joanna;Shannon;83838665090
-1;Chief;Emily;Wood;85644095255
616;Executor;Thomas;Peterson;84425352279
616;Executor;Joshua;Eaton;88913163543
616;Executor;Daniel;Payne;87838241762
-1;Chief;Kevin;Burns;85368690430
620;Executor;Heather;Olson;84306868228
620;Executor;Victoria;Lewis;82507074830
620;Executor;Charles;Edwards;87728164258
-1;Chief;Jimmy;Simmons;82838270348
624;Executor;Kathy;Ortiz;88159724852
624;Executor;Robin;Mitchell;84449476841
624;Executor;Douglas;Gray;84641839482
-1;Chief;Tracy;Trevino;89646953874
628;Executor;Sheena;Rios;82451726560
628;Executor;Keith;Johnson;89457522375
628;Executor;Judith;Turner;82497981359
-1;Chief;Matthew;Ibarra;87198344020
632;Executor;Erika;Davis;81966564068
632;Executor;Connor;Wise;81003915872
632;Executor;Ann;Kim;81867708956
-1;Chief;Alejandra;Williams;80140545442
636;Executor;Dean;Martin;86554756142
636;Executor;Laura;Reynolds;88683178425
636;Executor;Matthew;Hodges;89189197019
-1;Chief;Ryan;Francis;88129316511
640;Executor;Sarah;Olson;80799397483
640;Executor;Robert;Carroll;84706955647
640;Executor;James;Moore;82356783695
-1;Chief;Jose;Wells;89894666835
644;Executor;Angela;Esparza;85151357566
644;Executor;Andrew;Joseph;83663383217
644;Executor;Joseph;Fuller;87954091067
-1;Chief;Denise;Macdonald;88076725658
648;Executor;Kevin;Johnson;85134318032
648;Executor;Marc;Santos;83497864812
648;Executor;Veronica;Williams;86478938608
-1;Chief;Dakota;Daniels;86369148853
652;Executor;Norman;Mckee;88646619923
652;Executor;Gail;Ward;89138465508
652;Executor;Brian;Taylor;83579160906
-1;Chief;Trevor;Johnson;84409115402
656;Executor;Tracey;Atkinson;83413534787
656;Executor;Donna;Obrien;85514329392
656;Executor;Matthew;Gilbert;83978441097
-1;Chief;Joe;Davies;84877988556
660;Executor;James;Henry;81633862272
660;Executor;Jamie;Schmitt;85986036530
660;Executor;Dana;Nichols;80069149634
-1;Chief;Angela;Ward;81338774799
664;Executor;Richard;Juarez;86040029782
664;Executor;Luis;Sanchez;80321339085
664;Executor;Andre;Garrett;89733106480
-1;Chief;Jay;Williams;87861946267
668;Executor;Jo;Bullock;80118793943
668;Executor;Victor;Lewis;88778289930
668;Executor;Christopher;Mckay;85316039258
-1;Chief;Grace;Clark;82023442907
672;Executor;John;Padilla;81312507244
672;Executor;Alice;Stevenson;85584246690
672;Executor;Mark;Ball;89669936721
-1;Chief;Paige;Hayes;84307664290
676;Executor;Kathryn;Rodriguez;85179167776
676;Executor;Stephanie;Riggs;84188446428
676;Executor;Victor;Caldwell;81334345681
-1;Chief;Brandon;Underwood;80731732752
680;Executor;Edward;Daniels;82602160796
680;Executor;Cory;Lutz;87433000305
680;Executor;Jeff;Spencer;86062877407
-1;Chief;Samantha;Brown;86183540994
684;Executor;Brenda;Robinson;88436183652
684;Executor;Jason;Simmons;88396835737
684;Executor;Olivia;Odonnell;89838189193
-1;Chief;Mckenzie;Brooks;86590723253
688;Executor;Bruce;Gonzalez;85291927955
688;Executor;Brian;Parker;81547389263
688;Executor;Sabrina;Johnson;87766465450
-1;Chief;Benjamin;Rodriguez;80252903970
692;Executor;Austin;Anderson;88377077499
692;Executor;Brooke;Baxter;88100230380
692;Executor;Daniel;Clark;87594109618
-1;Chief;Aaron;Morris;88719430134
696;Executor;Steven;Stephens;81462551687
696;Executor;Darren;Martinez;82123485160
696;Executor;Keith;Patterson;88694095613
-1;Chief;Alexandria;Robinson;83572073054
700;Executor;Amanda;Thompson;89284791982
700;Executor;Brandon;Wong;80950121474
700;Executor;John;Lee;80569131259
-1;Chief;Carla;Blake;85247587046
704;Executor;Erik;Huang;84718419635
704;Executor;Adrian;Black;81425955410
704;Executor;Peter;Hart;80700938771
-1;Chief;Christopher;Allen;86193556796
708;Executor;Jason;Liu;82955978534
708;Executor;Antonio;Hawkins;83906045744
708;Executor;Daniel;Evans;86553908180
-1;Chief;Gregory;Jones;85717252661
712;Executor;Kevin;Robinson;89370274895
712;Executor;Michelle;Fernandez;89685577631
712;Executor;Sandra;Smith;80358730651
-1;Chief;James;Arroyo;87926065363
716;Executor;Adriana;Stevens;83979756872
716;Executor;Donna;Ruiz;81113826000
716;Executor;Martin;Flores;88833192409
-1;Chief;James;Adams;88189739366
720;Executor;James;Castillo;80428451436
720;Executor;Richard;Brown;85775567334
720;Executor;Krystal;Bowen;84156811109
-1;Chief;Benjamin;Chase;89210820864
724;Executor;John;Clark;82623601952
724;Executor;Michael;Knight;84945242186
724;Executor;Brittney;Evans;89581285887
-1;Chief;Mary;Garcia;83289587060
728;Executor;Michael;Clark;81251973128
728;Executor;Lisa;Miller;84114000590
728;Executor;Kimberly;Everett;85785475922
-1;Chief;Eric;Sanders;87656393454
732;Executor;William;Morgan;89358469467
732;Executor;Joseph;Conley;89489745943
732;Executor;Christopher;Allen;88593613413
-1;Chief;Jaime;Evans;88858387467
736;Executor;Crystal;Blackburn;83306989788
736;Executor;Katrina;Berg;87477547603
736;Executor;Heidi;Walker;88398495233
-1;Chief;Mark;Mann;82184543244
740;Executor;Rose;Farrell;87171874230
740;Executor;Alexander;Watts;82654248452
740;Executor;Tracy;Wilson;84986115672
-1;Chief;Gregory;Obrien;82444986210
744;Executor;Brittany;Weeks;82554711330
744;Executor;Kerry;Andersen;82864366459
744;Executor;Raymond;Flores;83359693091
-1;Chief;Dan;Hill;82244444549
748;Executor;Bobby;Krueger;82104177740
748;Executor;Austin;Wilcox;84994212821
748;Executor;Brendan;Sanders;87805643817
-1;Chief;Vanessa;Grant;88397554847
752;Executor;Tiffany;Lee;87801227183
752;Executor;Jessica;Aguilar;86692378221
752;Executor;Aaron;Baldwin;82837102577
-1;Chief;Kelli;Walker;87771922631
756;Executor;Troy;Williams;85269070242
756;Executor;Sean;Thomas;88084787297
756;Executor;Cody;Ramsey;88269450458
-1;Chief;Brittany;Thomas;82926905573
760;Executor;Carrie;Andrews;88779875823
760;Executor;Richard;Wade;88726896902
760;Executor;Alexis;Pugh;85445114320
-1;Chief;Eric;King;80051274550
764;Executor;Sherry;York;87171386569
764;Executor;Peter;Johnson;85649141200
764;Executor;Rachael;Roberts;89064583949
-1;Chief;Thomas;Farmer;88220703297
768;Executor;Toni;Miller;85874376484
768;Executor;Ronald;Reed;88735702571
768;Executor;Shawn;Smith;88994523017
-1;Chief;Eric;Johnson;89984633511
772;Executor;Christopher;Smith;86230113230
772;Executor;Michael;Bryant;86630892331
772;Executor;Andrew;Winters;88030378702
-1;Chief;Valerie;Henry;82744563421
776;Executor;Benjamin;Flores;81424473741
776;Executor;John;Gray;87713124384
776;Executor;Diane;Martinez;80373646922
-1;Chief;Sean;Berry;81227820323
780;Executor;Wayne;Tran;86602106297
780;Executor;Kathy;Byrd;82742144373
780;Executor;Matthew;Hogan;86549499033
-1;Chief;James;Lopez;87189447227
784;Executor;Patrick;Kidd;85267712417
784;Executor;Gary;Henderson;89348408289
784;Executor;Diana;Martinez;89659089955
-1;Chief;Shannon;Pratt;81115491561
788;Executor;John;Smith;87735945793
788;Executor;John;White;81343480617
788;Executor;Leonard;Stark;80445107256
-1;Chief;Elaine;Mathews;85861428828
792;Executor;David;Gordon;81503506589
792;Executor;Kirsten;Taylor;86637373099
792;Executor;Michael;Bridges;80679072547
-1;Chief;Craig;Lara;83295448253
796;Executor;Donna;Mcmillan;80452731222
796;Executor;Steven;Baxter;87051110534
796;Executor;William;Cox;85239225166
-1;Chief;Thomas;Cobb;87187261716
800;Executor;Matthew;Turner;84908039018
800;Executor;Brenda;Garrison;82100369902
800;Executor;Gabriela;Taylor;87055444175
-1;Chief;Sheila;Meyer;82403605466
804;Executor;Kevin;Stephens;82389254339
804;Executor;Richard;Vasquez;89600462059
804;Executor;April;Gomez;80200138076
-1;Chief;Joseph;Lewis;86884894567
808;Executor;Mallory;Owens;89688164130
808;Executor;Timothy;Shepherd;83313911995
808;Executor;Joseph;Cox;86709759114
-1;Chief;Rhonda;Powell;88585338960
812;Executor;Adam;Weber;89627174512
812;Executor;Gary;Scott;80304440837
812;Executor;Amy;Mendoza;89485473752
-1;Chief;Lindsay;Sullivan;89015271011
816;Executor;Ashley;Jones;80254224217
816;Executor;Daniel;Cooke;86128736659
816;Executor;Tonya;Brennan;89649489898
-1;Chief;Andrew;Robinson;80225710683
820;Executor;Catherine;Reilly;83563472456
820;Executor;Cody;Hall;80799322833
820;Executor;Alisha;Guerrero;89622069470
-1;Chief;Christopher;Watson;89977686365
824;Executor;Ronald;Morris;87643808991
824;Executor;Louis;Hansen;85123052637
824;Executor;Mariah;Mitchell;88613121000
-1;Chief;Richard;Bender;80280243834
828;Executor;Robert;Johnson;85262220819
828;Executor;William;Gaines;86207558752
828;Executor;Laurie;Farrell;89427971067
-1;Chief;Kelly;Sanchez;88782337448
832;Executor;Tonya;Mcdonald;85433667894
832;Executor;Daniel;Bailey;89342809715
832;Executor;Albert;Thompson;81456155295
-1;Chief;Lori;Kline;83414072375
836;Executor;Jennifer;Cardenas;82471920393
836;Executor;Jessica;Taylor;88307521091
836;Executor;Dennis;Bennett;86522048022
-1;Chief;Matthew;Rodriguez;85759216231
840;Executor;James;Fletcher;85926776230
840;Executor;Gabriela;Proctor;81749034098
840;Executor;Keith;Barry;81605201304
-1;Chief;Katherine;May;83735234846
844;Executor;Philip;Roth;81717972184
844;Executor;Victoria;Odom;81265920282
844;Executor;Omar;Martin;85146183665
-1;Chief;Sarah;Rodriguez;83000806635
848;Executor;Christopher;Barker;88771879608
848;Executor;Sabrina;Cisneros;87448271446
848;Executor;Justin;Hanna;89090313301
-1;Chief;Frank;Velasquez;87912314727
852;Executor;April;Chambers;83125862573
852;Executor;Christopher;Cobb;84251827752
852;Executor;Samantha;Walker;82343947137
-1;Chief;Cameron;Barron;87561940625
856;Executor;Sierra;Garcia;80495260706
856;Executor;Becky;Turner;82926146317
856;Executor;Charles;Wright;80480636940
-1;Chief;Shelly;Lewis;82754128880
860;Executor;Richard;Briggs;80400883042
860;Executor;Collin;Long;81062866919
860;Executor;Tina;Coleman;86273093570
-1;Chief;Michael;Lane;82678886714
864;Executor;Maria;Jackson;89792305637
864;Executor;Tiffany;Hill;85868207258
864;Executor;Brandon;Chambers;85979015253
-1;Chief;Michael;York;88436054982
868;Executor;Glen;Smith;80894881545
868;Executor;Valerie;Jones;82048568521
868;Executor;Jose;Scott;89645023223
-1;Chief;Renee;Parks;88737518172
872;Executor;Renee;Marshall;88431754033
872;Executor;Kristen;Yates;84709248871
872;Executor;Andrea;Andrews;88934988828
-1;Chief;Edward;Barker;80529280663
876;Executor;Aaron;Mason;88439795042
876;Executor;Philip;Harris;84191589112
876;Executor;Jessica;Raymond;80889059456
-1;Chief;Geoffrey;Davis;86758080694
880;Executor;John;Hughes;89017549277
880;Executor;Tamara;Evans;80217800555
880;Executor;Lauren;Wood;88821284844
-1;Chief;Karen;Floyd;80150528441
884;Executor;Amy;Mejia;86515143553
884;Executor;Rachel;Reyes;88745921098
884;Executor;Kimberly;Odom;86073170089
-1;Chief;Jennifer;Hunter;87265550078
888;Executor;Jason;Parker;86857963843
888;Executor;Larry;Harris;89712650124
888;Executor;Matthew;Wells;89764440040
-1;Chief;Cynthia;Spencer;88561482041
892;Executor;Scott;Mathis;84446219510
892;Executor;Samuel;Williams;84928504118
892;Executor;Tamara;Cohen;80229222008
-1;Chief;George;Marshall;81323635492
896;Executor;Jacob;Maxwell;83130586012
896;Executor;Suzanne;Buckley;84580298427
896;Executor;James;Manning;89714101944
-1;Chief;James;Williams;87237617337
900;Executor;Christopher;Beck;83089593519
900;Executor;Brian;Fields;80158749362
900;Executor;Heather;Morris;88725441417
-1;Chief;Jennifer;Shaw;82187114946
904;Executor;Candice;Velasquez;89081843400
904;Executor;Daniel;Thomas;86496290321
904;Executor;Danny;Macias;82077478467
-1;Chief;Marc;Barnett;86612907649
908;Executor;James;Barnes;84755176068
908;Executor;Robert;Richardson;88975487580
908;Executor;Katrina;Pena;81772461918
-1;Chief;Pamela;Johnson;86780350238
912;Executor;Gerald;Chen;84557230400
912;Executor;Michele;Colon;81046176186
912;Executor;Ethan;Dickson;87004120415
-1;Chief;Joseph;Johnson;86791518713
916;Executor;Jose;Riley;84670790531
916;Executor;Lisa;Murray;83212760967
916;Executor;Alvin;Holland;82786977061
-1;Chief;Trevor;Reyes;86129402288
920;Executor;Samantha;Snyder;81094041595
920;Executor;Lisa;Charles;84132467531
920;Executor;Lynn;Lynch;88823102130
-1;Chief;Christopher;Schwartz;86002065026
924;Executor;Heather;Hayes;82775849892
924;Executor;Bryan;Malone;86875099239
924;Executor;Johnny;King;81686098499
-1;Chief;David;Green;86495970778
928;Executor;Justin;Freeman;80855317447
928;Executor;Paul;Alexander;89710851322
928;Executor;Brittany;Garcia;87221787881
-1;Chief;Daniel;Coleman;80610202994
932;Executor;Mary;Douglas;89231528724
932;Executor;Tracy;Martin;89683932859
932;Executor;Toni;Smith;80281242600
-1;Chief;Barbara;Lambert;81962925870
936;Executor;Yolanda;Bray;87648649121
936;Executor;Tyler;Gibson;85940875016
936;Executor;Vickie;Vega;89491133946
-1;Chief;Nicholas;Obrien;82933817828
940;Executor;Mark;Butler;81479370157
940;Executor;Paula;Gonzales;81667342053
940;Executor;Jenny;Frazier;81062932422
-1;Chief;Edward;Wheeler;84475677897
944;Executor;Amber;Mccoy;88722422354
944;Executor;Edward;Arnold;88346764796
944;Executor;Kayla;Ramos;84653733506
-1;Chief;Phillip;Scott;82917344011
948;Executor;Amy;Floyd;89688989981
948;Executor;Megan;Ewing;87324461796
948;Executor;John;Curry;89910670542
-1;Chief;Marie;Matthews;89826452066
952;Executor;Jessica;Banks;89935500171
952;Executor;Andrea;Campbell;86715087511
952;Executor;John;Livingston;87406983619
-1;Chief;Justin;Mccarthy;87491685822
956;Executor;Linda;Brooks;80921837568
956;Executor;Colin;Glenn;88622071195
956;Executor;David;Barrera;86879862231
-1;Chief;Christopher;Graham;87273573409
960;Executor;Kimberly;Wheeler;85034620652
960;Executor;Jerry;Moreno;81867300540
960;Executor;Julie;Rogers;85880700492
-1;Chief;Matthew;Williams;86859123460
964;Executor;Michael;Bennett;81520747523
964;Executor;Rita;Thomas;81846550070
964;Executor;Cory;Campbell;85092062226
-1;Chief;Victoria;Smith;84835592221
968;Executor;Sheila;Bailey;87193531501
968;Executor;Kelsey;Henry;80772093133
968;Executor;Ashley;Campos;83301922858
-1;Chief;Robert;Lewis;82255066799
972;Executor;Melissa;Rush;84224428998
972;Executor;Amanda;Garcia;89110761676
972;Executor;Mark;Morton;81690131726
-1;Chief;Kristin;Lopez;89151236428
976;Executor;Donald;Graves;82569040848
976;Executor;Mary;Jones;88488967516
976;Executor;Alicia;Atkinson;82521761523
-1;Chief;Deanna;Lambert;85541988182
980;Executor;Andrew;Gomez;84219149771
980;Executor;Edward;Meadows;89649215355
980;Executor;Tiffany;Cobb;87620784464
-1;Chief;Jose;Fitzpatrick;88744794041
984;Executor;Richard;Rogers;89220786369
984;Executor;Rhonda;Rhodes;88290683505
984;Executor;Taylor;Wood;88739623571
-1;Chief;Justin;Villa;80172469544
988;Executor;Crystal;Stevens;86383983921
988;Executor;Mary;Burton;80911593015
988;Executor;Todd;Jenkins;89121258560
-1;Chief;Matthew;Thomas;84304252641
992;Executor;Mark;Schroeder;84271652556
992;Executor;Adrian;Watts;86221691222
992;Executor;Mark;Brooks;87213717291
-1;Chief;Christine;Taylor;84214389479
996;Executor;Dawn;Medina;87258631797
996;Executor;Judy;Terrell;81455571562
996;Executor;Peter;Davis;80860664610
